,None,D0,D1,D2,D3,D4
0,0.0,0.22,2.31,37.66,47.07,12.74
1,0.0,0.22,2.31,37.66,47.07,12.74
2,0.0,0.2,2.31,37.67,47.07,12.74
3,0.0,0.2,2.31,37.67,48.22,11.59
4,0.0,0.21,2.31,37.67,48.22,11.59
5,0.0,0.21,2.31,37.67,48.22,11.59
6,0.0,0.21,2.31,37.67,48.22,11.59
7,0.0,0.21,2.31,37.67,48.22,11.59
8,0.0,0.14,2.3,37.75,48.22,11.59
9,0.0,0.14,2.3,37.75,48.22,11.59
10,0.0,0.14,4.73,35.32,59.64,0.18
11,0.0,0.14,4.73,35.32,59.81,0.0
12,0.0,0.0,4.82,54.67,40.51,0.0
13,0.0,0.0,4.82,54.62,40.56,0.0
14,0.0,0.0,4.82,54.37,40.81,0.0
15,0.0,0.0,4.25,48.88,46.87,0.0
16,0.0,0.0,6.35,52.97,40.67,0.0
17,0.0,0.0,6.35,53.4,40.25,0.0
18,0.0,0.0,6.35,55.95,37.69,0.0
19,0.0,0.0,6.77,58.01,35.22,0.0
20,0.0,0.0,13.02,74.16,12.82,0.0
21,0.0,0.0,13.02,74.16,12.82,0.0
22,0.0,0.0,31.23,62.07,6.7,0.0
23,0.0,0.43,33.19,65.0,1.39,0.0
24,0.0,0.75,32.86,65.0,1.39,0.0
25,0.0,0.75,32.86,65.0,1.39,0.0
26,0.0,0.75,32.86,65.0,1.39,0.0
27,0.0,0.75,32.86,65.0,1.39,0.0
28,0.0,0.75,32.86,65.0,1.39,0.0
29,0.0,0.7,31.68,51.01,15.76,0.84
30,0.0,0.0,13.72,53.35,32.1,0.84
31,0.0,0.0,7.56,13.0,56.33,23.11
32,0.0,0.0,7.57,12.15,52.01,28.27
33,0.0,0.0,7.57,12.15,52.01,28.27
34,0.0,0.0,7.57,12.15,52.01,28.27
35,0.0,0.0,7.57,12.15,52.01,28.27
36,0.0,0.0,7.57,12.15,42.66,37.62
37,0.0,0.0,7.57,12.15,42.66,37.62
38,0.0,0.0,6.19,10.48,44.59,38.74
39,0.0,0.0,6.19,10.48,44.59,38.74
40,0.0,0.0,6.19,6.63,41.52,45.66
41,0.0,0.0,6.07,6.75,41.52,45.66
42,0.0,0.0,6.07,6.05,42.22,45.66
43,0.0,0.0,6.07,6.05,42.22,45.66
44,0.0,0.0,6.07,6.05,42.22,45.66
45,0.0,0.0,6.07,5.99,42.28,45.66
46,0.0,0.0,6.07,5.99,42.28,45.66
47,0.0,0.0,4.44,7.19,40.98,47.4
48,0.0,0.0,4.42,7.21,40.98,47.4
49,0.0,0.0,4.42,7.21,39.4,48.97
50,0.0,0.0,4.93,6.69,41.28,47.1
51,0.0,0.0,4.93,6.69,41.93,46.45
52,0.0,0.0,4.91,6.5,42.1,46.49
53,0.0,0.0,5.25,9.0,52.33,33.42
54,0.0,0.0,5.25,9.02,52.41,33.32
55,0.0,0.0,5.27,9.29,52.12,33.32
56,0.0,0.0,5.27,9.29,52.12,33.32
57,0.0,0.0,5.27,9.29,52.12,33.32
58,0.0,0.0,5.25,9.31,52.12,33.32
59,0.0,0.0,5.25,9.55,51.88,33.32
60,0.0,0.0,5.39,20.15,48.41,26.04
61,0.0,0.0,5.39,20.15,48.41,26.04
62,0.0,0.0,5.69,20.98,57.42,15.91
63,0.0,0.0,5.69,20.98,59.81,13.53
64,0.0,2.48,4.63,19.58,67.94,5.36
65,0.0,2.49,9.56,35.09,47.5,5.36
66,0.0,3.46,11.17,35.51,44.5,5.36
67,0.78,5.09,17.16,38.29,33.32,5.36
68,0.77,6.58,22.97,34.27,30.06,5.36
69,0.77,8.57,26.64,32.26,26.4,5.36
70,0.7,8.64,26.64,32.26,26.4,5.36
71,0.78,8.6,32.03,29.05,25.79,3.75
72,0.75,8.36,32.3,29.05,25.79,3.75
73,0.75,8.36,33.91,27.44,25.79,3.75
74,0.7,14.41,27.9,27.44,25.79,3.75
75,0.7,14.41,27.3,26.59,27.24,3.75
76,0.64,14.26,27.23,26.46,27.66,3.75
77,0.0,14.01,27.54,26.79,27.9,3.75
78,0.0,4.8,19.46,36.28,35.6,3.86
79,0.0,4.8,17.08,38.66,38.27,1.19
80,0.0,4.8,16.1,39.6,38.31,1.19
81,0.0,4.8,20.85,40.51,32.65,1.19
82,0.0,4.83,20.82,40.59,32.56,1.19
83,0.0,4.83,20.82,40.59,32.56,1.19
84,0.0,4.83,20.82,40.59,32.56,1.19
85,0.0,4.83,28.38,45.5,21.3,0.0
86,3.46,21.51,26.84,28.83,19.36,0.0
87,3.5,21.47,26.84,28.83,19.36,0.0
88,15.61,13.47,29.66,25.42,15.83,0.0
89,15.48,13.61,29.66,25.42,15.83,0.0
90,15.48,16.98,31.93,22.87,12.74,0.0
91,15.4,17.06,31.93,22.87,12.74,0.0
92,15.4,17.06,31.93,22.87,12.74,0.0
93,15.4,17.06,31.93,22.87,12.74,0.0
94,15.4,17.06,31.93,22.87,12.74,0.0
95,15.35,17.0,32.03,22.88,12.74,0.0
96,15.62,17.29,31.82,31.88,3.39,0.0
97,15.62,17.29,31.83,32.09,3.17,0.0
98,20.45,25.37,21.21,29.93,3.04,0.0
99,20.39,25.23,22.6,28.74,3.04,0.0
100,20.55,25.07,22.49,28.84,3.04,0.0
101,20.55,25.24,32.5,18.67,3.04,0.0
102,33.74,15.87,28.67,18.67,3.04,0.0
103,33.74,15.88,28.88,18.45,3.04,0.0
104,40.34,9.28,28.88,18.45,3.04,0.0
105,40.34,11.44,26.71,18.45,3.04,0.0
106,40.38,11.43,26.69,19.05,2.45,0.0
107,41.79,11.47,25.9,18.39,2.45,0.0
108,41.79,11.47,25.9,18.39,2.45,0.0
109,41.79,11.47,25.9,18.39,2.45,0.0
110,41.79,11.47,25.9,18.39,2.45,0.0
111,41.79,11.47,25.9,18.39,2.45,0.0
112,41.8,11.53,25.83,17.87,2.97,0.0
113,41.8,11.53,25.83,17.87,2.97,0.0
114,41.8,11.53,25.83,17.87,2.97,0.0
115,41.8,11.53,25.83,17.85,2.99,0.0
116,41.8,15.33,23.31,15.62,3.94,0.0
117,41.8,16.61,21.99,14.93,4.66,0.0
118,41.8,22.5,16.11,14.93,4.66,0.0
119,41.8,22.5,22.87,12.83,0.0,0.0
120,32.29,24.4,42.02,1.3,0.0,0.0
121,24.86,31.82,42.02,1.3,0.0,0.0
122,24.86,34.72,39.12,1.3,0.0,0.0
123,24.64,27.77,46.32,1.26,0.0,0.0
124,21.5,30.41,48.09,0.0,0.0,0.0
125,30.26,35.58,34.16,0.0,0.0,0.0
126,30.26,46.4,23.34,0.0,0.0,0.0
127,40.02,50.44,9.54,0.0,0.0,0.0
128,53.85,36.61,9.54,0.0,0.0,0.0
129,65.72,34.28,0.0,0.0,0.0,0.0
130,65.72,34.28,0.0,0.0,0.0,0.0
131,96.39,3.61,0.0,0.0,0.0,0.0
132,96.39,3.61,0.0,0.0,0.0,0.0
133,96.43,3.57,0.0,0.0,0.0,0.0
134,96.43,3.57,0.0,0.0,0.0,0.0
135,96.43,3.57,0.0,0.0,0.0,0.0
136,96.43,3.57,0.0,0.0,0.0,0.0
137,96.43,3.57,0.0,0.0,0.0,0.0
138,14.74,85.25,0.01,0.0,0.0,0.0
139,9.22,87.47,3.3,0.01,0.0,0.0
140,18.55,77.86,3.58,0.01,0.0,0.0
141,18.61,77.81,3.57,0.01,0.0,0.0
142,82.26,15.68,2.06,0.0,0.0,0.0
143,82.26,15.67,2.06,0.0,0.0,0.0
144,82.26,15.67,2.06,0.0,0.0,0.0
145,85.4,12.54,2.06,0.0,0.0,0.0
146,95.29,2.64,2.06,0.0,0.0,0.0
147,95.29,2.64,2.06,0.0,0.0,0.0
148,89.73,8.21,2.06,0.0,0.0,0.0
149,89.61,8.33,2.06,0.0,0.0,0.0
150,90.94,7.96,1.09,0.01,0.0,0.0
151,90.94,7.97,1.09,0.0,0.0,0.0
152,90.94,7.96,1.09,0.0,0.0,0.0
153,93.27,6.73,0.0,0.0,0.0,0.0
154,94.07,5.93,0.0,0.0,0.0,0.0
155,95.55,4.45,0.0,0.0,0.0,0.0
156,95.68,4.32,0.0,0.0,0.0,0.0
157,95.68,4.32,0.0,0.0,0.0,0.0
158,95.68,4.32,0.0,0.0,0.0,0.0
159,95.68,4.32,0.0,0.0,0.0,0.0
160,95.68,4.32,0.0,0.0,0.0,0.0
161,95.68,4.32,0.0,0.0,0.0,0.0
162,95.68,4.32,0.0,0.0,0.0,0.0
163,95.68,4.32,0.0,0.0,0.0,0.0
164,95.68,4.32,0.0,0.0,0.0,0.0
165,94.03,5.97,0.0,0.0,0.0,0.0
166,94.03,5.97,0.0,0.0,0.0,0.0
167,94.03,5.97,0.0,0.0,0.0,0.0
168,94.03,5.97,0.0,0.0,0.0,0.0
169,94.03,5.97,0.0,0.0,0.0,0.0
170,94.03,5.97,0.0,0.0,0.0,0.0
171,94.03,5.97,0.0,0.0,0.0,0.0
172,94.03,5.97,0.0,0.0,0.0,0.0
173,93.42,6.58,0.0,0.0,0.0,0.0
174,93.42,6.58,0.0,0.0,0.0,0.0
175,93.42,6.58,0.0,0.0,0.0,0.0
176,93.42,6.58,0.0,0.0,0.0,0.0
177,89.84,9.56,0.6,0.0,0.0,0.0
178,87.17,10.5,2.33,0.0,0.0,0.0
179,67.07,29.16,2.4,1.36,0.0,0.0
180,36.77,52.68,8.92,1.63,0.0,0.0
181,34.37,55.08,8.67,1.89,0.0,0.0
182,23.93,52.41,21.77,1.89,0.0,0.0
183,7.77,20.0,68.79,2.73,0.71,0.0
184,7.77,17.06,69.62,4.83,0.71,0.0
185,7.77,17.06,61.05,12.57,1.55,0.0
186,7.77,17.06,61.05,12.01,2.1,0.0
187,7.77,17.06,58.92,14.14,2.1,0.0
188,7.77,17.06,58.29,14.77,2.1,0.0
189,7.77,17.06,58.29,14.77,2.1,0.0
190,7.77,12.54,61.36,14.55,3.78,0.0
191,0.0,16.34,65.32,14.55,3.78,0.0
192,0.0,22.38,59.26,14.58,3.78,0.0
193,0.0,46.8,34.84,15.97,2.39,0.0
194,0.0,48.08,33.56,15.97,2.39,0.0
195,15.16,36.9,28.64,16.57,2.73,0.0
196,15.16,36.9,28.64,16.57,2.73,0.0
197,15.16,36.9,25.17,19.9,2.87,0.0
198,15.16,36.9,25.17,17.9,4.87,0.0
199,12.18,39.85,25.15,17.89,4.93,0.0
200,12.18,39.85,25.15,17.88,4.94,0.0
201,12.18,39.85,25.15,17.88,4.94,0.0
202,12.18,39.85,25.15,17.88,4.94,0.0
203,13.79,38.64,24.69,20.12,2.77,0.0
204,13.79,38.64,26.53,18.28,2.77,0.0
205,13.79,39.02,26.44,17.99,2.77,0.0
206,13.84,38.97,26.44,17.99,2.77,0.0
207,13.83,41.12,24.29,17.99,2.77,0.0
208,13.84,41.37,24.04,17.99,2.77,0.0
209,13.82,41.45,23.97,17.99,2.77,0.0
210,14.85,41.01,23.39,17.99,2.77,0.0
211,14.85,41.03,23.37,17.99,2.77,0.0
212,14.85,40.99,23.41,17.99,2.77,0.0
213,14.92,40.91,23.41,17.99,2.77,0.0
214,30.37,32.56,16.32,17.99,2.77,0.0
215,30.39,32.53,16.32,17.99,2.77,0.0
216,30.39,32.53,16.33,17.98,2.78,0.0
217,30.49,32.43,16.33,17.98,2.78,0.0
218,30.49,32.43,16.33,17.98,2.78,0.0
219,30.49,32.36,16.32,18.03,2.8,0.0
220,34.19,28.71,23.11,11.19,2.8,0.0
221,34.1,28.8,23.11,11.19,2.8,0.0
222,34.1,28.8,23.33,11.21,2.55,0.0
223,34.1,28.8,23.33,11.26,2.5,0.0
224,33.85,29.05,23.33,11.26,2.5,0.0
225,22.99,36.11,28.18,10.21,2.5,0.0
226,22.99,36.24,28.21,10.06,2.5,0.0
227,11.08,41.24,25.36,21.88,0.43,0.0
228,11.08,41.24,25.36,21.88,0.43,0.0
229,8.48,43.65,25.47,21.97,0.43,0.0
230,8.48,43.65,27.89,19.98,0.0,0.0
231,8.43,43.69,27.89,19.98,0.0,0.0
232,18.29,36.0,25.73,19.98,0.0,0.0
233,18.27,36.13,39.21,6.39,0.0,0.0
234,26.67,29.61,38.8,4.92,0.0,0.0
235,45.48,41.84,12.69,0.0,0.0,0.0
236,53.21,34.1,12.69,0.0,0.0,0.0
237,53.58,33.73,12.69,0.0,0.0,0.0
238,55.7,31.61,12.69,0.0,0.0,0.0
239,55.7,31.61,12.69,0.0,0.0,0.0
240,55.7,31.61,12.69,0.0,0.0,0.0
241,55.7,34.4,9.9,0.0,0.0,0.0
242,65.38,24.72,9.9,0.0,0.0,0.0
243,69.09,22.67,8.24,0.0,0.0,0.0
244,73.98,17.78,8.24,0.0,0.0,0.0
245,73.98,17.78,8.24,0.0,0.0,0.0
246,77.9,13.86,8.24,0.0,0.0,0.0
247,77.9,13.86,8.24,0.0,0.0,0.0
248,77.9,13.86,8.24,0.0,0.0,0.0
249,77.88,13.88,8.24,0.0,0.0,0.0
250,77.88,13.88,8.24,0.0,0.0,0.0
251,77.88,13.88,8.24,0.0,0.0,0.0
252,77.88,13.88,8.24,0.0,0.0,0.0
253,77.88,13.88,8.21,0.04,0.0,0.0
254,77.88,13.88,8.21,0.04,0.0,0.0
255,77.88,13.88,8.21,0.04,0.0,0.0
256,77.88,13.88,8.21,0.04,0.0,0.0
257,77.88,13.88,8.21,0.04,0.0,0.0
258,77.86,13.9,8.21,0.04,0.0,0.0
259,77.86,13.9,7.18,1.06,0.0,0.0
260,77.86,13.9,7.18,1.06,0.0,0.0
261,75.73,16.03,7.18,1.06,0.0,0.0
262,75.69,16.06,7.18,1.06,0.0,0.0
263,76.46,15.3,7.18,1.06,0.0,0.0
264,76.46,15.3,7.18,1.06,0.0,0.0
265,76.47,15.29,7.18,1.06,0.0,0.0
266,76.47,15.29,7.18,1.06,0.0,0.0
267,76.47,15.29,7.18,1.06,0.0,0.0
268,76.47,15.29,7.18,1.06,0.0,0.0
269,76.47,15.29,7.18,1.06,0.0,0.0
270,76.47,15.29,7.18,1.06,0.0,0.0
271,76.47,15.29,7.18,1.06,0.0,0.0
272,76.47,15.29,7.18,1.06,0.0,0.0
273,76.47,15.29,7.18,1.06,0.0,0.0
274,76.54,15.22,7.18,1.06,0.0,0.0
275,76.54,15.22,7.18,1.06,0.0,0.0
276,76.54,15.22,7.18,1.06,0.0,0.0
277,76.54,15.22,7.18,1.06,0.0,0.0
278,76.54,15.22,7.18,1.06,0.0,0.0
279,76.54,15.22,7.18,1.06,0.0,0.0
280,76.54,15.22,7.18,1.06,0.0,0.0
281,76.54,15.22,7.14,1.1,0.0,0.0
282,74.49,16.78,4.65,4.08,0.0,0.0
283,61.66,21.47,12.69,4.19,0.0,0.0
284,43.94,31.86,16.78,6.68,0.73,0.0
285,41.46,11.56,36.05,10.2,0.73,0.0
286,38.98,10.22,30.51,18.42,1.87,0.0
287,38.73,9.87,24.94,24.3,2.16,0.0
288,35.56,6.93,13.16,20.05,22.17,2.13
289,34.62,7.16,9.0,21.42,25.67,2.13
290,18.07,14.32,13.59,15.85,19.87,18.31
291,17.47,13.66,11.07,17.19,22.29,18.31
292,15.09,14.8,11.02,17.54,21.8,19.75
293,12.16,14.8,12.77,17.47,21.76,21.04
294,12.03,14.93,12.77,17.47,21.76,21.04
295,12.03,14.93,12.77,17.47,21.76,21.04
296,12.03,14.93,12.77,17.47,21.76,21.04
297,12.03,14.93,12.77,17.47,21.76,21.04
298,12.03,14.93,12.77,17.47,21.76,21.04
299,12.03,12.71,13.88,18.58,21.76,21.04
300,8.96,9.92,19.32,19.0,21.76,21.04
301,7.77,11.11,19.32,19.0,21.76,21.04
302,0.0,16.41,21.31,19.47,21.76,21.04
303,0.0,16.41,21.31,19.47,21.76,21.04
304,0.0,16.41,21.31,19.47,21.76,21.04
305,0.0,16.41,21.31,19.47,21.76,21.04
306,0.0,16.41,21.31,19.47,21.76,21.04
307,0.0,16.41,24.57,16.21,21.76,21.04
308,0.0,16.41,24.57,16.21,21.76,21.04
309,0.0,16.41,24.57,16.21,21.76,21.04
310,0.0,16.41,24.57,16.21,21.76,21.04
311,0.0,16.41,24.57,16.21,21.76,21.04
312,0.0,16.41,24.57,16.21,21.76,21.04
313,0.0,16.41,24.57,16.21,21.76,21.04
314,0.0,16.41,24.57,16.21,21.76,21.04
315,0.0,16.41,24.57,16.21,21.76,21.04
316,0.0,16.41,24.57,16.21,21.76,21.04
317,0.0,16.41,24.57,16.21,21.76,21.04
318,0.0,16.41,24.57,16.21,21.76,21.04
319,0.0,16.41,24.57,16.21,21.76,21.04
320,4.27,11.82,24.89,16.02,21.95,21.04
321,6.08,10.01,24.89,16.02,21.95,21.04
322,5.5,8.12,25.38,18.01,21.95,21.04
323,5.5,8.12,22.82,20.57,21.95,21.04
324,4.27,6.05,16.96,24.81,26.88,21.04
325,4.27,6.05,15.31,25.21,28.11,21.04
326,4.24,5.67,15.72,25.21,28.11,21.04
327,4.24,5.67,15.72,25.21,28.11,21.04
328,3.55,5.87,16.21,19.11,23.57,31.68
329,3.55,5.87,16.21,19.11,23.57,31.68
330,3.55,5.87,17.76,17.57,20.51,34.74
331,1.16,7.29,18.7,17.54,20.57,34.74
332,0.43,6.29,19.64,18.33,20.57,34.74
333,0.43,2.07,14.33,22.31,22.38,38.48
334,0.43,4.44,12.47,21.8,22.38,38.48
335,0.43,5.19,12.56,20.96,22.38,38.48
336,0.29,5.01,12.87,20.42,22.93,38.48
337,0.22,5.01,12.95,20.42,22.93,38.48
338,0.0,4.74,9.13,22.23,24.49,39.41
339,0.0,4.65,9.22,22.17,23.75,40.21
340,0.0,2.83,11.04,17.98,25.49,42.66
341,0.0,2.67,9.78,18.49,26.4,42.66
342,0.0,2.67,9.78,18.49,24.22,44.84
343,0.0,2.67,9.78,18.49,24.22,44.84
344,0.0,2.67,6.7,21.54,24.24,44.84
345,0.14,2.53,6.7,21.55,24.24,44.84
346,0.14,2.53,5.07,23.17,24.24,44.84
347,0.14,2.53,5.07,21.71,25.71,44.84
348,0.14,2.53,5.07,21.71,25.71,44.84
349,0.14,2.53,5.07,21.71,25.71,44.84
350,0.14,2.53,5.06,21.72,25.71,44.84
351,0.14,2.53,5.06,21.72,25.71,44.84
352,0.14,2.53,5.06,21.2,25.08,46.0
353,0.14,2.53,5.06,21.2,25.08,46.0
354,0.14,2.53,4.97,21.29,25.08,46.0
355,0.14,2.53,4.97,21.29,25.08,46.0
356,0.14,2.53,4.97,21.29,25.08,46.0
357,0.14,2.53,4.97,21.29,25.08,46.0
358,0.14,2.53,4.97,21.29,25.08,46.0
359,0.14,2.51,4.99,21.29,25.08,46.0
360,0.14,2.51,4.99,21.29,25.08,46.0
361,0.14,2.51,4.99,21.29,25.08,46.0
362,0.14,2.51,4.99,21.29,25.08,46.0
363,0.14,2.51,4.99,21.29,25.08,46.0
364,0.14,2.51,2.76,23.51,25.08,46.0
365,0.14,2.51,2.76,23.51,25.08,46.0
366,0.14,2.51,2.76,23.51,25.08,46.0
367,0.14,1.15,4.12,23.51,25.08,46.0
368,0.14,1.15,4.12,23.51,24.35,46.73
369,0.14,1.15,4.12,23.52,24.35,46.73
370,0.14,1.15,4.12,23.52,24.35,46.73
371,0.14,1.15,4.12,23.52,24.35,46.73
372,0.14,1.15,4.81,22.83,24.35,46.73
373,0.14,1.15,4.81,24.3,22.88,46.73
374,0.14,1.15,4.81,27.3,19.87,46.73
375,0.14,1.58,4.37,27.3,19.83,46.77
376,0.14,1.58,4.37,27.3,19.83,46.77
377,0.14,1.58,4.37,27.3,19.83,46.77
378,0.14,1.75,4.67,26.84,19.83,46.77
379,0.14,1.75,4.67,26.84,19.83,46.77
380,0.14,1.75,4.67,26.84,22.28,44.32
381,0.15,1.74,4.67,26.84,22.28,44.32
382,0.15,1.74,4.67,26.84,25.2,41.41
383,0.15,1.74,4.67,26.84,25.2,41.41
384,0.16,1.73,4.67,25.98,27.54,39.92
385,0.16,1.73,4.67,25.98,27.54,39.92
386,0.16,1.75,4.66,25.98,27.54,39.92
387,0.16,1.75,4.66,25.98,27.54,39.92
388,0.16,1.75,4.66,25.98,26.26,41.2
389,0.16,1.75,4.66,25.98,27.47,39.99
390,0.16,1.72,4.56,16.11,37.46,39.99
391,0.0,1.87,3.79,16.82,37.52,39.99
392,0.0,1.87,3.79,16.82,38.37,39.15
393,0.0,1.88,3.78,16.82,38.37,39.15
394,0.0,1.88,3.78,16.39,45.73,32.21
395,0.0,1.88,3.78,16.39,45.73,32.21
396,0.0,1.59,3.98,16.48,45.73,32.21
397,0.0,1.59,3.98,16.48,45.73,32.21
398,0.0,0.28,5.29,14.73,24.61,55.08
399,0.0,0.28,5.29,14.73,24.61,55.08
400,0.0,0.28,5.29,14.73,24.61,55.08
401,0.0,0.28,5.29,14.73,24.61,55.08
402,0.0,0.28,5.29,14.73,24.61,55.08
403,0.0,0.29,5.28,14.73,24.61,55.08
404,0.0,0.0,4.96,13.13,23.51,58.41
405,0.0,0.0,4.96,13.13,23.51,58.41
406,0.0,0.0,4.96,13.13,23.51,58.41
407,0.0,0.0,4.96,13.13,23.51,58.41
408,0.0,0.0,4.96,13.13,23.51,58.41
409,0.0,0.0,4.66,13.42,23.51,58.41
410,0.0,0.0,4.58,13.5,23.51,58.41
411,0.0,0.0,4.58,13.5,23.51,58.41
412,0.0,0.0,4.58,13.5,23.51,58.41
413,0.0,0.0,4.58,13.5,23.51,58.41
414,0.0,0.0,2.41,15.67,23.51,58.41
415,0.0,0.0,0.2,17.88,23.51,58.41
416,0.0,0.0,0.2,17.88,23.51,58.41
417,0.0,0.0,0.0,18.11,23.48,58.41
418,0.0,0.0,0.0,18.11,45.4,36.49
419,0.0,0.0,0.0,18.15,45.35,36.49
420,0.0,0.0,0.0,21.03,42.51,36.46
421,0.0,0.0,0.0,21.03,42.51,36.46
422,0.0,0.0,0.0,23.31,43.7,32.98
423,0.0,0.0,0.0,23.31,43.7,32.98
424,0.0,0.0,0.0,23.31,51.92,24.77
425,0.0,0.0,0.0,23.31,51.92,24.77
426,0.0,0.0,0.0,23.31,51.92,24.77
427,0.0,0.0,0.0,23.31,51.92,24.77
428,0.0,0.0,0.0,23.31,51.92,24.77
429,0.0,0.0,4.07,19.25,51.92,24.77
430,0.0,0.0,3.99,19.32,51.92,24.77
431,0.0,0.0,3.99,19.32,51.92,24.77
432,0.0,0.2,4.59,26.45,45.28,23.49
433,0.0,0.19,4.6,26.45,45.28,23.49
434,0.0,0.19,4.6,26.45,45.28,23.49
435,0.0,0.2,4.59,23.43,48.36,23.42
436,0.01,0.2,6.72,21.3,49.41,22.37
437,0.01,5.44,3.75,24.91,43.53,22.37
438,0.0,5.44,3.73,24.93,43.53,22.37
439,0.0,5.44,3.73,16.99,47.62,26.21
440,0.0,5.45,3.72,22.52,53.68,14.62
441,1.43,4.03,2.95,30.65,51.13,9.81
442,1.43,4.39,4.27,22.78,57.32,9.81
443,1.43,4.39,4.27,22.78,58.36,8.77
444,1.43,4.39,4.27,27.21,62.71,0.0
445,1.43,4.39,4.27,27.21,62.71,0.0
446,1.43,4.32,6.71,59.94,27.59,0.0
447,2.61,3.14,6.71,59.94,27.59,0.0
448,2.61,3.14,9.37,57.29,27.59,0.0
449,2.61,3.14,11.71,54.94,27.59,0.0
450,2.61,3.24,11.62,54.94,27.59,0.0
451,2.61,3.24,11.62,54.94,27.59,0.0
452,2.61,3.24,11.62,54.94,27.59,0.0
453,2.61,1.39,11.87,56.53,27.59,0.0
454,2.61,1.39,11.87,72.77,11.36,0.0
455,2.62,1.39,11.86,72.77,11.36,0.0
456,2.66,1.36,11.86,72.77,11.36,0.0
457,2.66,1.36,11.86,72.77,11.36,0.0
458,2.65,1.4,11.82,72.77,11.36,0.0
459,2.52,1.53,11.83,72.77,11.36,0.0
460,2.63,1.42,11.83,72.77,11.36,0.0
461,2.63,1.34,6.2,78.48,11.36,0.0
462,2.63,1.34,6.2,78.48,11.36,0.0
463,0.0,2.92,4.15,81.58,11.36,0.0
464,0.0,2.92,4.15,81.58,11.36,0.0
465,0.0,1.77,4.37,82.5,11.36,0.0
466,0.0,1.77,4.37,82.5,11.36,0.0
467,0.0,1.77,4.37,82.5,11.36,0.0
468,0.0,1.77,4.37,93.86,0.0,0.0
469,0.0,1.77,4.37,93.86,0.0,0.0
470,0.0,1.77,4.27,93.96,0.0,0.0
471,0.0,1.77,4.27,93.96,0.0,0.0
472,0.0,1.77,5.53,92.7,0.0,0.0
473,0.0,1.77,5.53,92.7,0.0,0.0
474,0.0,1.79,5.6,92.61,0.0,0.0
475,0.0,1.79,31.14,67.07,0.0,0.0
476,0.0,1.84,44.62,53.54,0.0,0.0
477,0.0,1.84,44.52,53.64,0.0,0.0
478,0.0,1.84,51.91,46.25,0.0,0.0
479,0.0,1.84,51.91,46.25,0.0,0.0
480,0.0,1.84,51.91,46.25,0.0,0.0
481,0.0,1.84,51.91,46.25,0.0,0.0
482,0.0,35.7,31.47,32.82,0.0,0.0
483,2.84,33.74,33.42,30.0,0.0,0.0
484,2.84,48.77,25.17,23.22,0.0,0.0
485,2.84,48.77,25.17,23.22,0.0,0.0
486,0.0,51.62,24.16,24.22,0.0,0.0
487,0.0,51.62,24.16,24.22,0.0,0.0
488,12.85,38.77,24.19,24.19,0.0,0.0
489,15.63,38.14,22.05,24.19,0.0,0.0
490,0.03,52.6,20.41,26.96,0.0,0.0
491,0.02,52.85,20.17,26.96,0.0,0.0
492,15.45,37.37,23.46,23.72,0.0,0.0
493,34.53,18.29,23.46,23.72,0.0,0.0
494,34.2,18.62,25.62,21.57,0.0,0.0
495,34.2,18.62,25.62,21.57,0.0,0.0
496,34.2,12.23,32.01,21.57,0.0,0.0
497,34.2,12.23,32.01,21.57,0.0,0.0
498,32.42,12.56,33.65,21.37,0.0,0.0
499,31.75,12.93,32.82,22.5,0.0,0.0
500,30.94,12.87,30.96,25.17,0.05,0.0
501,30.94,12.87,30.04,26.1,0.05,0.0
502,30.94,11.11,31.35,26.54,0.05,0.0
503,23.15,17.49,32.76,26.54,0.05,0.0
504,6.77,22.76,42.31,27.02,1.14,0.0
505,4.82,27.51,46.06,20.47,1.14,0.0
506,7.19,26.44,47.27,17.95,1.14,0.0
507,7.19,25.06,48.65,17.95,1.14,0.0
508,6.73,24.79,49.38,17.95,1.14,0.0
509,6.75,24.76,49.38,17.95,1.14,0.0
510,6.64,24.89,49.38,17.95,1.14,0.0
511,6.64,23.78,47.6,20.83,1.14,0.0
512,11.94,18.65,47.44,20.83,1.14,0.0
513,11.95,18.64,47.14,21.12,1.14,0.0
514,11.95,18.97,46.82,21.12,1.14,0.0
515,11.74,19.13,46.82,21.17,1.14,0.0
516,11.74,18.97,46.53,21.61,1.14,0.0
517,11.74,18.82,46.39,21.9,1.14,0.0
518,11.3,19.49,45.91,23.01,0.29,0.0
519,11.3,24.86,40.53,23.02,0.29,0.0
520,11.64,24.55,40.49,23.02,0.29,0.0
521,11.64,24.55,40.2,23.32,0.29,0.0
522,11.64,24.55,36.96,26.56,0.29,0.0
523,15.88,24.38,36.81,22.92,0.0,0.0
524,15.88,24.38,36.81,22.92,0.0,0.0
525,15.88,24.35,36.85,22.92,0.0,0.0
526,15.89,24.6,36.74,22.76,0.0,0.0
527,15.89,24.6,36.91,22.6,0.0,0.0
528,15.89,25.22,36.3,22.6,0.0,0.0
529,15.89,25.22,36.3,22.6,0.0,0.0
530,15.89,25.22,36.3,22.6,0.0,0.0
531,15.89,25.22,36.3,22.6,0.0,0.0
532,15.89,25.22,36.3,22.6,0.0,0.0
533,15.89,25.22,37.75,21.14,0.0,0.0
534,15.84,25.19,37.83,21.14,0.0,0.0
535,15.84,23.93,37.36,22.87,0.0,0.0
536,15.84,23.93,33.88,26.35,0.0,0.0
537,4.89,13.64,32.48,49.0,0.0,0.0
538,3.54,14.45,35.75,46.25,0.0,0.0
539,2.22,8.16,43.36,46.25,0.0,0.0
540,2.22,8.17,49.47,40.14,0.0,0.0
541,0.11,9.75,44.42,45.73,0.0,0.0
542,4.39,20.38,59.22,16.02,0.0,0.0
543,4.39,23.53,56.07,16.02,0.0,0.0
544,4.77,27.47,62.7,5.06,0.0,0.0
545,10.37,30.57,59.06,0.0,0.0,0.0
546,10.37,30.57,59.06,0.0,0.0,0.0
547,11.09,31.58,57.33,0.0,0.0,0.0
548,19.12,39.65,41.23,0.0,0.0,0.0
549,18.74,34.92,43.23,3.1,0.0,0.0
550,19.1,34.56,43.23,3.1,0.0,0.0
551,29.91,23.75,46.34,0.0,0.0,0.0
552,33.91,60.67,5.41,0.0,0.0,0.0
553,71.58,28.42,0.0,0.0,0.0,0.0
554,74.32,25.68,0.0,0.0,0.0,0.0
555,82.53,17.47,0.0,0.0,0.0,0.0
556,88.32,11.68,0.0,0.0,0.0,0.0
557,88.42,11.58,0.0,0.0,0.0,0.0
558,88.42,11.58,0.0,0.0,0.0,0.0
559,88.51,11.49,0.0,0.0,0.0,0.0
560,89.22,10.78,0.0,0.0,0.0,0.0
561,89.25,10.75,0.0,0.0,0.0,0.0
562,89.25,10.75,0.0,0.0,0.0,0.0
563,89.25,10.75,0.0,0.0,0.0,0.0
564,89.25,10.75,0.0,0.0,0.0,0.0
565,89.14,10.86,0.0,0.0,0.0,0.0
566,89.14,10.86,0.0,0.0,0.0,0.0
567,87.36,12.64,0.0,0.0,0.0,0.0
568,87.55,12.45,0.0,0.0,0.0,0.0
569,92.14,7.86,0.0,0.0,0.0,0.0
570,92.12,7.88,0.0,0.0,0.0,0.0
571,92.12,7.88,0.0,0.0,0.0,0.0
572,85.34,14.66,0.0,0.0,0.0,0.0
573,85.34,14.66,0.0,0.0,0.0,0.0
574,85.34,14.66,0.0,0.0,0.0,0.0
575,85.34,14.66,0.0,0.0,0.0,0.0
576,87.87,12.13,0.0,0.0,0.0,0.0
577,87.71,12.29,0.0,0.0,0.0,0.0
578,87.71,12.29,0.0,0.0,0.0,0.0
579,99.99,0.01,0.0,0.0,0.0,0.0
580,99.99,0.01,0.0,0.0,0.0,0.0
581,99.99,0.01,0.0,0.0,0.0,0.0
582,99.99,0.01,0.0,0.0,0.0,0.0
583,99.99,0.01,0.0,0.0,0.0,0.0
584,99.99,0.01,0.0,0.0,0.0,0.0
585,99.99,0.01,0.0,0.0,0.0,0.0
586,99.99,0.01,0.0,0.0,0.0,0.0
587,99.99,0.01,0.0,0.0,0.0,0.0
588,99.99,0.01,0.0,0.0,0.0,0.0
589,99.99,0.01,0.0,0.0,0.0,0.0
590,99.99,0.01,0.0,0.0,0.0,0.0
591,99.94,0.06,0.0,0.0,0.0,0.0
592,96.87,3.13,0.0,0.0,0.0,0.0
593,94.2,5.8,0.0,0.0,0.0,0.0
594,94.2,5.8,0.0,0.0,0.0,0.0
595,99.94,0.06,0.0,0.0,0.0,0.0
596,99.94,0.06,0.0,0.0,0.0,0.0
597,77.34,22.66,0.0,0.0,0.0,0.0
598,77.34,22.66,0.0,0.0,0.0,0.0
599,99.94,0.06,0.0,0.0,0.0,0.0
600,99.94,0.06,0.0,0.0,0.0,0.0
601,99.94,0.06,0.0,0.0,0.0,0.0
602,99.93,0.07,0.0,0.0,0.0,0.0
603,98.62,1.38,0.0,0.0,0.0,0.0
604,98.62,1.38,0.0,0.0,0.0,0.0
605,94.86,5.14,0.0,0.0,0.0,0.0
606,79.56,19.19,1.25,0.0,0.0,0.0
607,78.93,18.93,2.14,0.0,0.0,0.0
608,81.67,15.92,2.41,0.0,0.0,0.0
609,90.14,7.45,2.41,0.0,0.0,0.0
610,90.14,5.24,4.43,0.19,0.0,0.0
611,90.14,5.24,4.43,0.19,0.0,0.0
612,90.14,5.24,4.43,0.19,0.0,0.0
613,90.14,5.24,4.43,0.19,0.0,0.0
614,88.08,5.86,5.83,0.24,0.0,0.0
615,88.08,5.86,5.83,0.24,0.0,0.0
616,85.44,6.48,7.84,0.24,0.0,0.0
617,85.44,6.48,7.84,0.24,0.0,0.0
618,85.44,6.48,7.84,0.24,0.0,0.0
619,85.44,6.48,7.84,0.24,0.0,0.0
620,85.44,6.48,7.84,0.24,0.0,0.0
621,85.44,6.48,7.84,0.24,0.0,0.0
622,85.44,6.48,7.84,0.24,0.0,0.0
623,85.44,6.48,7.84,0.24,0.0,0.0
624,85.44,6.48,7.84,0.24,0.0,0.0
625,85.44,6.48,7.84,0.24,0.0,0.0
626,87.46,4.47,7.84,0.24,0.0,0.0
